{
    "Muxn": {
        "1": 30.1056,
        "2": 78.0864,
        "3": 102.547203,
        "4": 151.939199,
        "5": 203.448,
        "6": 230.966399,
        "7": 273.302398,
        "8": 299.174397,
        "9": 368.088001,
        "10": 404.0736,
        "11": 446.644798,
        "12": 494.625597,
        "13": 532.257596,
        "14": 549.191995,
        "15": 627.748797,
        "16": 647.035196,
        "17": 707.481598,
        "18": 755.462399,
        "19": 798.268796,
        "20": 859.420793
    },
    "ALU": {
        "PASS": 50.803202,
        "ADD": 234.024005,
        "SUB": 243.196803,
        "MUL": 2498.059225,
        "AND": 58.564799,
        "OR": 58.094399,
        "XOR": 88.4352,
        "SHL": 313.051199,
        "LSHR": 312.815999,
        "ASHR": 327.3984,
        "EQ": 117.129602,
        "NE": 117.129602,
        "LT": 145.118402,
        "LE": 145.588803,
        "SEL": 78.556802
    },
    "ConfigMem": {
        "2": [
            [
                18.126178298416953,
                17.768528537482553
            ]
        ],
        "3": [
            [
                28.31424180623071,
                29.79230319981951
            ]
        ],
        "4": [
            [
                37.12208435080217,
                40.3135252620001
            ]
        ],
        "5": [
            [
                47.99109401265428,
                51.41601825417892
            ]
        ],
        "6": [
            [
                56.94856419058589,
                60.956183014390845
            ]
        ],
        "7": [
            [
                65.38249045045251,
                70.94357410546783
            ]
        ],
        "8": [
            [
                73.18209104027916,
                80.19984251989733
            ]
        ]
    },
    "SRAM": {
        "SRAMX32x64": 17204.174516
    },
    "RF": {
        "RFX32X1X1X2": 250.723203
    },
    "Reg": {
        "RegX32": 150.528
    },
    "DelayPipe": {
        "1": 575.299207,
        "2": 905.520006,
        "3": 1178.116789,
        "4": 1508.102372,
        "5": 1771.055965,
        "6": 2026.483159,
        "7": 2273.913554
    }
}